from,to,status
/?page_id=14,/poleznye-materialy/,301
/%D0%BF%D0%BE%D0%BB%D0%B5%D0%B7%D0%BD%D1%8B%D0%B5-%D0%BC%D0%B0%D1%82%D0%B5%D1%80%D0%B8%D0%B0%D0%BB%D1%8B/,/poleznye-materialy/,301
/?page_id=17,/kak-nas-nayti/,301
/%D0%BA%D0%B0%D0%BA-%D0%BD%D0%B0%D1%81-%D0%BD%D0%B0%D0%B9%D1%82%D0%B8/,/kak-nas-nayti/,301
/?page_id=33,/foto/,301
/%D1%84%D0%BE%D1%82%D0%BE/,/foto/,301
/?page_id=127,/poleznye-materialy/kalendar/,301
/%D0%BF%D0%BE%D0%BB%D0%B5%D0%B7%D0%BD%D1%8B%D0%B5-%D0%BC%D0%B0%D1%82%D0%B5%D1%80%D0%B8%D0%B0%D0%BB%D1%8B/%D0%BA%D0%B0%D0%BB%D0%B5%D0%BD%D0%B4%D0%B0%D1%80%D1%8C/,/poleznye-materialy/kalendar/,301
/?page_id=346,/about/,301
/?page_id=584,/yarmanka/,301
/%D1%8F%D1%80%D0%BC%D0%B0%D0%BD%D0%BA%D0%B0/,/yarmanka/,301
/?page_id=767,/english/,301
/?page_id=780,/o-nas/,301
/%D0%BE-%D0%BD%D0%B0%D1%81/,/o-nas/,301
/?page_id=1281,/attestatsiya-2/,301
/%D0%B0%D1%82%D1%82%D0%B5%D1%81%D1%82%D0%B0%D1%86%D0%B8%D1%8F-2/,/attestatsiya-2/,301
/?page_id=1837,/dlya-novichkov-2/,301
/%D0%B4%D0%BB%D1%8F-%D0%BD%D0%BE%D0%B2%D0%B8%D1%87%D0%BA%D0%BE%D0%B2-2/,/dlya-novichkov-2/,301
/?page_id=382,/poleznye-materialy/stati/,301
/%D0%BF%D0%BE%D0%BB%D0%B5%D0%B7%D0%BD%D1%8B%D0%B5-%D0%BC%D0%B0%D1%82%D0%B5%D1%80%D0%B8%D0%B0%D0%BB%D1%8B/%D1%81%D1%82%D0%B0%D1%82%D1%8C%D0%B8/,/poleznye-materialy/stati/,301
/?page_id=786,/pravila-povedeniya-v-dodzyo/,301
/%D0%BF%D1%80%D0%B0%D0%B2%D0%B8%D0%BB%D0%B0-%D0%BF%D0%BE%D0%B2%D0%B5%D0%B4%D0%B5%D0%BD%D0%B8%D1%8F-%D0%B2-%D0%B4%D0%BE%D0%B4%D0%B7%D1%91/,/pravila-povedeniya-v-dodzyo/,301
/?page_id=805,/about/805-2/,301
/?page_id=555,/poleznye-materialy/yumor/,301
/%D0%BF%D0%BE%D0%BB%D0%B5%D0%B7%D0%BD%D1%8B%D0%B5-%D0%BC%D0%B0%D1%82%D0%B5%D1%80%D0%B8%D0%B0%D0%BB%D1%8B/%D1%8E%D0%BC%D0%BE%D1%80/,/poleznye-materialy/yumor/,301
/?page_id=600,/600-2/,301
/?page_id=619,/ya-khochu-no/,301
/%D1%8F-%D1%85%D0%BE%D1%87%D1%83-%D0%BD%D0%BE/,/ya-khochu-no/,301
/?page_id=2124,/arkhiv/,301
/%D0%B0%D1%80%D1%85%D0%B8%D0%B2/,/arkhiv/,301
/?p=3,/news/proba/,301
/?p=22,/news/22/,301
/?p=29,/news/rezultaty-i-chempionata-g-irkutska/,301
/?p=31,/news/kubok-sibiri/,301
/?p=42,/news/rezultaty-otkrytogo-turnira-v-omske/,301
/?p=76,/news/remont-do-dekabrya/,301
/?p=93,/news/novosti-federatsii/,301
/?p=101,/news/mezhklubnyy-turnir-po-chambare/,301
/?p=110,/news/na-sever/,301
/?p=122,/news/chempionat-v-zheleznogorske/,301
/?p=131,/news/s-novym-godom/,301
/?p=137,/news/vnimanie-nabor/,301
/?p=148,/news/vnimanie-izmenenie-v-raspisanii/,301
/?p=164,/news/vnimanie-seminar/,301
/?p=170,/news/turnir/,301
/?p=172,/news/rezultaty-turnira/,301
/?p=176,/news/detskie-trenirovki/,301
/?p=183,/news/rezultaty-chempionata-po-kendo-sfo/,301
/?p=185,/news/185/,301
/?p=189,/news/kubok-sibiri-1-3-maya-2009-novosibirsk/,301
/?p=191,/news/siaynyy-den/,301
/?p=193,/news/rezultaty-turnira-260409/,301
/?p=195,/news/pro-lager-samuray-g-vladivostok/,301
/?p=197,/news/rezultaty-poezdki-v-novosibirsk-1-3-maya/,301
/?p=205,/news/siaynyy-den-310509/,301
/?p=1838,/news/siaynyy-den-310509-2/,301
/?p=1904,/news/siaynyy-den-310509-2-2/,301
/?p=208,/news/rezultaty-turnira-zolotaya-vodokachk/,301
/?p=225,/news/prazdnichnyy-siay/,301
/?p=228,/news/rezultaty-turnira-240609/,301
/?p=232,/news/vnimanie-seminar-2/,301
/?p=237,/news/raspisanie-seminara-na-1-2-4-avgusta/,301
/?p=252,/news/turnir-2/,301
/?p=254,/news/vnimanie-chempionat-rossii/,301
/?p=273,/news/rezultaty-xii-chempionata-rossii-po-kend/,301
/?p=285,/news/turnir-3/,301
/?p=290,/news/rezultaty-turnira-2/,301
/?p=295,/news/vnimanie-seminar-3/,301
/?p=297,/news/novogodniy-turnir/,301
/?p=301,/news/rzultaty-turnira/,301
/?p=306,/news/proshel-seminar/,301
/?p=313,/news/zheleznogorsk-2010/,301
/?p=323,/news/turnir-70210/,301
/?p=352,/news/dni-yaponskoy-kultury-v-irkutske/,301
/?p=359,/news/rezultaty-turnira-060210/,301
/?p=374,/news/rezultaty-turnira-g-zheleznogorsk-23022010/,301
/?p=430,/news/otstupaya-nazad-i-tolko-vperyod/,301
/?p=1905,/news/otstupaya-nazad-i-tolko-vperyod-2/,301
/?p=434,/news/30-let-voyny/,301
/?p=442,/news/motivatsiya-len-i-kontrol-mysley-v-spo/,301
/?p=438,/news/turnir-4/,301
/?p=453,/news/letniy-lager-v-omske/,301
/?p=456,/news/chempionat-zolotaya-pesochnitsa/,301
/?p=463,/news/ezhednevnye-chteniya-dlya-rosta-i-razviti/,301
/?p=470,/news/seminary-v-vostochnoy-sibiri/,301
/?p=474,/news/kendoshnaya-pochta/,301
/?p=480,/news/poznay-yaponiyu/,301
/?p=484,/news/rezultaty-turnira-3/,301
/?p=509,/news/vnimanie-seminar-4/,301
/?p=495,/news/3-dan-pori-finland/,301
/?p=535,/news/xiii-chempionat-rossii-po-kendo/,301
/?p=536,/news/turnir-10-10-2010/,301
/?p=538,/news/rezltaty-turnira-10-10-2010/,301
/?p=540,/news/okulturivaemsya/,301
/?p=544,/news/otkrytyy-turnir-04-11-2010-i-podgotovitelnye/,301
/?p=548,/news/turnir-04-11-2010/,301
/?p=576,/news/576/,301
/?p=587,/news/pervyy-zhenskiy-turnir/,301
/?p=597,/news/chlenskiy-vznos-rfkid/,301
/?p=606,/news/bilety-v-zheleznogorsk/,301
/?p=609,/news/nabor/,301
/?p=625,/news/nabor-2011-goda/,301
/?p=637,/news/sovmestnaya-trenirovka/,301
/?p=652,/news/zheleznogorsk-2011/,301
/?p=664,/news/seminar-v-chernogorske/,301
/?p=682,/news/trenirovki-3/,301
/?p=684,/news/trenirovki-2-2/,301
/?p=688,/news/vnimanie-seminar-5/,301
/?p=691,/news/9-maya/,301
/?p=692,/news/eto-ni-komu-ne-nuzhno/,301
/?p=829,/news/reygi-na-attestatsii-v-kendo/,301
/?p=832,/news/attestatsiya/,301
/?p=735,/news/detskie-trenirovki-2/,301
/?p=737,/news/turnir-mladshey-gruppy/,301
/?p=748,/news/rezultaty-turnira-22-05-2011/,301
/?p=750,/news/igrovaya-trenirovka/,301
/?p=757,/news/kendo-lager/,301
/?p=744,/news/vnimanie-seminar-6/,301
/?p=755,/news/trenirovki/,301
/?p=821,/news/seminar-v-khakasii/,301
/?p=850,/news/ivate-krasnoyarsk-odin-mir-odna-semya/,301
/?p=863,/news/raspisanie-na-201112-uchebnyy-god/,301
/?p=873,/news/v-angarske-dan-start-naboru-v-samurai/,301
/?p=795,/news/nabor-2011/,301
/?p=870,/news/organizatsionnoe-sobranie/,301
/?p=885,/news/nachalo-trenirovok-dlya-vnov-postupiv/,301
/?p=897,/news/rezultaty-xiv-chempionata-rossii-po-kend/,301
/?p=903,/news/izmeneniya-v-raspisanii-vnimanie/,301
/?p=918,/news/pereezd/,301
/?p=1906,/news/pereezd-2/,301
/?p=1908,/news/pereezd-2-2/,301
/?p=932,/news/fizkulturno-ozdorovitelnyy-komple/,301
/?p=1907,/news/fizkulturno-ozdorovitelnyy-kompl-2/,301
/?p=1909,/news/fizkulturno-ozdorovitelnyy-kompl-2-2/,301
/?p=937,/news/raspisanie-na-sleduyushchuyu-nedelyu/,301
/?p=942,/news/turnir-04-11-2011/,301
/?p=953,/news/953/,301
/?p=972,/news/kulturnye-meropriyatiya/,301
/?p=978,/news/ocherednoy-otdykh/,301
/?p=990,/news/prednovogodniy-turnir/,301
/?p=996,/news/trenirovka-26-dekabrya-ponedelnik-ne-s/,301
/?p=998,/news/pozdravlyaem-s-dnem-rozhdeniya/,301
/?p=981,/news/zheleznogorsk-2012/,301
/?p=1013,/news/nedelnyy-otdykh-dlya-nesorevnuyushchikhsya/,301
/?p=1018,/news/rezultaty-zheleznogorskogo-turnira/,301
/?p=1023,/news/obmen-rossiya-yaponiya/,301
/?p=1026,/news/1026/,301
/?p=1035,/news/novosibirskiy-turnir/,301
/?p=1040,/news/byudzhet-turnira-v-novosibirske/,301
/?p=1044,/news/rezultaty-kubka-pamyati-tanaka-yosikhi/,301
/?p=1051,/news/turnir-20-05-2012/,301
/?p=1057,/news/rezultaty-chempionata-20-05-2012/,301
/?p=1068,/news/okonchanie-sezona-20112012/,301
/?p=1071,/news/raspisanie-na-iyun/,301
/?p=1076,/news/leto-2012/,301
/?p=1081,/news/okonchchanie-sezona-20112012/,301
/?p=1083,/news/sbornaya-rossii-po-kendo/,301
/?p=1910,/news/sbornaya-rossii-po-kendo-2/,301
/?p=1911,/news/sbornaya-rossii-po-kendo-2-2/,301
/?p=1115,/news/sbornaya-irkutskoy-oblasti/,301
/?p=1127,/news/raspisanie/,301
/?p=1143,/news/xv-chempionat-rossii/,301
/?p=1131,/news/vnimanie-nabor-2/,301
/?p=1159,/news/vybory-prezidenta-baykalskoy-feder/,301
/?p=1194,/news/rezultaty-xv-chempionata-rossii-po-kend/,301
/?p=1187,/news/noyabrskiy-turnir-i-seminar/,301
/?p=1199,/news/rezultaty-irkutskogo-otkrytogo-tur/,301
/?p=1204,/news/priglashenie-na-zimniy-kendo-lager/,301
/?p=1208,/news/zheleznogorsk-2013/,301
/?p=1222,/news/vznosy-v-rfk/,301
/?p=1239,/news/vnimanie-izmenenie-v-raspisanii-2/,301
/?p=1253,/news/vnimanie-izmenenie-v-raspisanii-3/,301
/?p=1260,/news/priglashenie-molodykh-kendoistov-v-yapo/,301
/?p=1270,/news/festival-yaponskogo-kino-v-irkutske/,301
/?p=1289,/news/raspisanie-na-8-marta/,301
/?p=1302,/news/rezultaty-chempionata-sfo-2013g-2/,301
/?p=1315,/news/kubok-tanaka-2013g/,301
/?p=1345,/news/vnimanie-2/,301
/?p=1352,/news/turnir-mladshey-gruppy-19-05-2013/,301
/?p=1372,/news/vnimanie-izmenenie-v-raspisanii-4/,301
/?p=1389,/news/rezultaty-turnira-19-05-2013/,301
/?p=1394,/news/sportivnyy-prazdnik/,301
/?p=1401,/news/letniy-lager-samuray/,301
/?p=1377,/news/vnimanie-seminar-takenouchi-syokhey-5-da/,301
/?p=1411,/news/festifal-edinoborstv/,301
/?p=1427,/news/letnee-raspisanie/,301
/?p=1462,/news/novyy-sezon/,301
/?p=1466,/news/vnimanie-start-novogo-sezona/,301
/?p=1470,/news/1470/,301
/?p=1477,/news/sutochnyy-marafon-boevykh-iskusstv/,301
/?p=1505,/news/yubiley/,301
/?p=1483,/news/vnimanie-nabor-2013g/,301
/?p=1520,/news/vnimanie-izmenenie-v-raspisanii-5/,301
/?p=1541,/news/vznos-v-rfk/,301
/?p=1545,/news/reultaty-turnira-kubok-edinstva-i-do/,301
/?p=1554,/news/vnimanie-izmenenie-v-raspisanii-6/,301
/?p=1563,/news/irkutskiy-otkrytyy-turnir-attestatsi/,301
/?p=1572,/news/rezultaty-irkutskogo-otkrytogo-tur-2/,301
/?p=1577,/news/raspisanie-na-prazdniki/,301
/?p=1580,/news/vnimanie-izmenenie-v-raspisanii-7/,301
/?p=1583,/news/turnir-mladshey-gruppy-25-05-2014/,301
/?p=1591,/news/rezultaty-turnira-25-05-2014/,301
/?p=1585,/news/vnimanie-seminar-takenouchi-syokhey-5-da-2/,301
/?p=1601,/news/vnimanie-remont-v-shkole/,301
/?p=1608,/news/nabor-v-detskuyu-gruppu/,301
/?p=1611,/news/vnimanie-start-novogo-sezona-2/,301
/?p=1912,/news/nabor-novichkov-2014g-2/,301
/?p=1623,/news/vznosy-v-rfk-2/,301
/?p=1626,/news/izmenenie-v-raspisanii/,301
/?p=1631,/news/priglashenie-na-zimniy-kendo-lager-2/,301
/?p=1634,/news/klubnyy-novogodniy-turnir-28-12-2014/,301
/?p=1636,/news/vnimanie-izmenenie-v-raspisanii-8/,301
/?p=1640,/news/vnimanie-izmenenie-v-raspisanii-9/,301
/?p=1643,/news/rezultaty-turnira-28-12-2014/,301
/?p=1649,/news/irkutskiy-otkrytyy-turnir/,301
/?p=1658,/news/turnir-mladshey-gruppy-31-05-2015/,301
/?p=1665,/news/rezultaty-irkutskogo-otkrytogo-tur-3/,301
/?p=1670,/news/vnimanie-izmenenie-v-raspisanii-10/,301
/?p=1676,/news/vnimanie/,301
/?p=1680,/news/o-festivale-yaponskogo-kino-v-irkutske/,301
/?p=1684,/news/sudeyskiy-seminar-i-attestatsiya-na-1-dan/,301
/?p=1686,/news/izmenenie-v-raspisanii-2/,301
/?p=1691,/news/1691/,301
/?p=1694,/news/otkrytie-tsentra-edinoborstv-oktyabr/,301
/?p=1699,/news/kubok-edinstva-i-dobroy-voli-2015-v-g-omske/,301
/?p=1698,/news/pokazatelnaya-trenirovka-dlya-zhelayushch/,301
/?p=1706,/news/raspisanie-na-sezon-20152016g/,301
/?p=1718,/news/otkrytyy-kubok-edinstva-i-dobroy-voli/,301
/?p=1725,/news/prosmotr-video/,301
/?p=1730,/news/turnir-novogodniy-priz-2015g/,301
/?p=1736,/news/yanvarskiy-nabor-2016-s-17-31-yanvarya/,301
/?p=1738,/news/lektsiya-na-temu-drevnie-mify-yaponii-ku/,301
/?p=1743,/news/vnimanie-perenos-trenirovki-27-dekabrya/,301
/?p=1746,/news/rezultaty-turnira-novogodniy-priz-2015/,301
/?p=1748,/news/kubok-miyamoto-musasi-2016/,301
/?p=1750,/news/raspisanie-zanyatiy/,301
/?p=1752,/news/prisvoenie-kategoriy/,301
/?p=1757,/news/irkutskiy-otkrytyy-turnir-po-kendo-2016/,301
/?p=1763,/news/voskhodyashchaya-zvezda/,301
/?p=1767,/news/otmena-trenirovki/,301
/?p=1770,/news/2016-renshin-cup-ckou-beijing-open-kendo-championship/,301
/?p=1778,/news/forum/,301
/?p=1783,/news/rezultaty-turnira-kubok-miyamoto-mus/,301
/?p=1786,/news/1786/,301
/?p=1792,/news/baykalskaya-olimpiada-boevykh-iskuss/,301
/?p=1795,/news/izmenenie-v-raspisanii-3/,301
/?p=1798,/news/rezultaty-baykalskoy-olimpiady-bo/,301
/?p=1800,/news/2016-renshin-cup-ckou-beijing-open-kendo-championship-2/,301
/?p=1821,/news/rezultaty-vystupleniya-komandy-na-tu/,301
/?p=1824,/news/27-28-avgusta-2016-goda-v-g-podolske-moskovsk/,301
/?p=1827,/news/chempionat-rossii-po-kendo-2016/,301
/?p=1915,/news/raspisanie-na-sezon-2016-2017g/,301
/?p=1916,/news/prisvoenie-kategoriy-2/,301
/?p=1839,/news/1839/,301
/?p=1848,/news/vnimanie-3/,301
/?p=1855,/news/winter-kendo-camp/,301
/?p=1861,/news/vznos-v-rfk-2/,301
/?p=1867,/news/ssylka-na-videotranslyatsiyu-turnira-v-ku/,301
/?p=1914,/news/championship-2016/,301
/?p=1874,/news/rezultaty-poezdki-na-sorevnovaniya-s/,301
/?p=1878,/news/rezultaty-5-otkrytogo-detsko-yunoshesk/,301
/?p=1897,/news/rezultaty-poezdki-na-vtoroy-chempion/,301
/?p=1902,/news/seminar-pod-rukovodstvom-reymond-lay/,301
/?p=1903,/news/novogodniy-turnir-2016-g/,301
/?p=1932,/news/rezultaty-novogodnego-turnira/,301
/?p=1934,/news/prisvoenie-sudeyskikh-i-sportivnykh-ka/,301
/?p=1950,/news/rezultaty-poezdki-na-mezhdunarodnyy/,301
/?p=1943,/news/rezultaty-turnira-baykalskoy-olim/,301
/?p=1963,/news/kak-my-sezdili-na-kubok-tanaka/,301
/?p=1995,/news/kak-my-sezdili-v-pekin/,301
/?p=1986,/news/21-maya-sostoitsya-chempionat-irkutskoy-ob/,301
/?p=1989,/news/vnimanie-izmenenie-v-raspisanii-11/,301
/?p=2004,/news/rezultaty-chempionata-i-pervenstva-i/,301
/?p=2007,/news/rezultaty-turnira-novichkov/,301
/?p=2055,/news/vnimanie-otkrytaya-trenirovka/,301
/?p=2074,/news/detskaya-gruppa-vnimanie-novye-zanyati/,301
/?p=2083,/news/2083/,301
/?p=2089,/news/rezultat-poezdki-na-tretiy-chempiona/,301
/?p=2165,/news/chempionat-i-pervenstvo-sibirskogo-fe/,301
/?p=2175,/news/kubok-zolotogo-koltsa/,301
/?p=2208,/news/znachenie-pozitsii-v-komande/,301
/?p=2224,/news/24-dekabrya-s-900-do-1200-sostoitsya-nash-turnir-n/,301
/?p=2240,/news/chetvyortyy-chempionat-i-pervenstvo-ros/,301
/?p=2248,/news/24-dekabrya-proshel-nash-traditsionnyy-turn/,301
/?p=2257,/news/dnevnik-bleyka-benneta-15-dney-kan-geyk/,301
/?p=2278,/news/pervenstvo-i-chempionat-sibirskogo-fe/,301
/?p=2284,/news/2284/,301
/?p=2291,/news/chetvyortyy-chempionat-i-pervenstvo-ros-2/,301
/?p=2297,/news/kandidaty-v-sbornuyu-rssiyskoy-federa/,301
/?p=2340,/news/chempionat-sibirskogo-federalnogo-o/,301
/?p=2343,/news/2343/,301
/?p=2347,/news/dalnevostochnye-otkrytye-igry-boevy/,301
/?p=2351,/news/strategii-v-siay/,301
/?p=2371,/news/ichikawa-hajime/,301
/?p=2384,/news/ichikawa-hajime-podgotovka-k-siay/,301
/?p=2404,/news/otkrytyy-chempionat-pekina/,301
/?p=2398,/news/rezultaty-chempionata-rossii-2018-po-ken/,301
/?p=2407,/news/strategii-v-siay-tekhniki-ataki/,301
/?p=2416,/news/16-iyunya-turnir-novichkov-zolotaya-pesochn/,301
/?p=2424,/news/2424/,301
/?p=2459,/news/vnimanie-raspisanie-na-sezon-2018-2019/,301
/?p=2470,/news/vnimanie-obyavlyaetsya-novyy-nabor-v-gr/,301
/?p=2474,/news/15-letie-baykalskoy-federatsii-kendo/,301
/?p=2487,/news/vnimanie-vazhnaya-informatsiya/,301
/?p=2494,/news/attestatsiya-2/,301
/?p=2500,/news/kubok-pamyati-tanaka-yosikhiko/,301
/?p=2513,/news/kubok-zolotogo-koltsa-2018-g-ivanovo/,301
/?p=2523,/news/novogodniy-turnir-2/,301
/?p=2532,/news/lektsiya-dzen-buddizm-i-ego-vliyanie-na-k/,301
/?p=2535,/news/rezultaty-turnira-novogodniy-priz-2018/,301
/?p=2539,/news/voskhodyashchaya-zvezda-2019/,301
/?p=2546,/news/chempionat-goroda-irkutska-po-kendo/,301
/?p=2549,/news/detsko-yunosheskoe-pervenstvo-g-irkuts/,301
/?p=2557,/news/2557/,301
/?p=2582,/news/rezultaty-poezdki-na-otkrytye-sorev/,301
/?p=2579,/news/otkrytoe-detsko-yunosheskoe-pervenstv/,301
/?p=2590,/news/master-klass-mochidzuki-senseya-po-star/,301
/?p=2593,/news/pervenstvo-i-chempionat-sfo-po-kendo-i-k/,301
/?p=2607,/news/otkrytoe-detsko-yunosheskoe-pervenstv-2/,301
/?p=2603,/news/rezultat-detskogo-turnira-sportsme/,301
/?p=2614,/news/kak-pozhivaet-vashe-do/,301
/?p=2630,/news/prityazhenie-azii-festival-7-setyabrya-v/,301
/?p=2644,/news/raspisanie-na-novyy-sezon/,301
/?p=2648,/news/2648/,301
/?p=2668,/news/rezultaty-chempionata-i-pervenstva-i-2/,301
/?p=2671,/news/nabor-prodolzhaetsya-prisoedinyaytes/,301
/?p=2674,/news/kubok-zolotogo-koltsa-2/,301
/?p=2685,/news/novyy-nabor-v-gruppy-kendo/,301
/?p=2688,/news/raspisanie-na-novyy-sezon-2020-2021/,301
/?p=2694,/news/vyderzhki-iz-knigi-sto-keyko-ogavy-chut/,301
/?p=2722,/news/pervenstvo-i-chempionat-sibirskogo-fe-2/,301
/?p=2729,/news/kubok-zolotogo-koltsa-3/,301
/?p=2731,/news/pervenstvo-i-chempionat-rossi-po-kendo/,301
/?p=2755,/news/6-7-marta-sostoyalsya-kubok-reki-v-g-kemer/,301
/?p=2761,/news/58-motk/,301
/?p=2657,/news/novyy-trenirovochnyy-sezon/,301
/?p=2786,/news/kubok-sibiri-2/,301
/?p=2800,/news/kubok-zolotogo-koltsa-4/,301
/?p=2803,/news/kubok-reki/,301
/?p=2809,/news/motk-60/,301
/?p=2816,/news/novyy-nabor-na-sezon-2023-2024/,301
/?p=2821,/news/kubok-zolotogo-koltsa-2023/,301
/?p=2827,/news/chempionat-i-pervenstvo-vfk-i-kubok-edi/,301
/?p=2830,/news/62-motk/,301
/?p=2835,/news/vnimanie-otkrytaya-trenirovka-2/,301
/?p=2840,/news/chempionat-i-pervenstvo-rossii-po-kend/,301
/?p=2843,/news/nashi-sportsmeny-prinyali-uchastie-v-tel/,301
/?p=2849,/news/chempionat-sibirskogo-federalnogo-o-2/,301
/?p=2854,/news/otkrytaya-trenirovka/,301
/?p=2857,/news/vnimanie-4/,301
/?p=2869,/news/kubok-novogodniy-priz/,301
/?p=2878,/news/vnimanie-otkrytaya-trenirovka-3/,301
/category/news/,/news/,301
/category/%D1%81%D1%82%D0%B0%D1%82%D1%8C%D0%B8/,/news/,301
/category/%D0%B8%D0%BD%D1%82%D0%B5%D1%80%D0%B5%D1%81%D0%BD%D0%BE%D0%B5/,/news/,301
/category/blog/,/news/,301
/category/%D0%B0%D1%80%D1%85%D0%B8%D0%B2/,/news/,301
/tag/%D0%B8%D0%B0%D0%B9%D0%B4%D0%BE/,/news/,301
/tag/%D1%87%D0%B5%D0%BC%D0%BF%D0%B8%D0%BE%D0%BD%D0%B0%D1%82%D1%8B/,/news/,301
/tag/%D1%87%D0%B5%D0%BC%D0%BF%D0%B8%D0%BE%D0%BD%D0%B0%D1%82-%D0%B8%D1%80%D0%BA%D1%83%D1%82%D1%81%D0%BA%D0%B0/,/news/,301
/tag/%D0%BA%D0%B5%D0%BD%D0%B4%D0%BE/,/news/,301
/tag/%D0%BA%D1%83%D0%B1%D0%BE%D0%BA-%D1%81%D0%B8%D0%B1%D0%B8%D1%80%D0%B8/,/news/,301
/tag/%D1%82%D1%80%D0%B5%D0%BD%D0%B8%D1%80%D0%BE%D0%B2%D0%BA%D0%B8/,/news/,301
/tag/%D0%BE%D0%B1%D1%8A%D1%8F%D0%B2%D0%BB%D0%B5%D0%BD%D0%B8%D1%8F/,/news/,301
/tag/%D1%81%D1%82%D0%B0%D1%82%D1%8C%D0%B8/,/news/,301
/tag/%D0%B4%D1%80%D1%83%D0%B7%D1%8C%D1%8F-%D1%87%D0%B0%D0%BC%D0%B1%D0%B0%D1%80%D0%B8%D1%81%D1%82%D1%8B/,/news/,301
/tag/%D1%84%D0%B5%D0%B4%D0%B5%D1%80%D0%B0%D1%86%D0%B8%D1%8F/,/news/,301
/tag/%D1%81%D0%B5%D0%BC%D0%B8%D0%BD%D0%B0%D1%80%D1%8B/,/news/,301
/tag/%D0%B2%D0%BE%D0%B4%D0%BE%D0%BA%D0%B0%D1%87%D0%BA%D0%B0/,/news/,301
/tag/%D0%BD%D0%B0%D0%B1%D0%BE%D1%80/,/news/,301
/tag/%D0%BA%D1%83%D0%BB%D1%8C%D1%82%D1%83%D1%80%D0%B0/,/news/,301
/tag/%D0%BB%D0%B0%D0%B3%D0%B5%D1%80%D1%8C/,/news/,301
/tag/%D0%B7%D0%BE%D0%BB%D0%BE%D1%82%D0%B0%D1%8F-%D0%B2%D0%BE%D0%B4%D0%BE%D0%BA%D0%B0%D1%87%D0%BA%D0%B0/,/news/,301
/tag/%D0%BF%D0%B5%D1%81%D0%BE%D1%87%D0%BD%D0%B8%D1%86%D0%B0/,/news/,301
/tag/%D0%BF%D0%BE%D1%87%D1%82%D0%B0/,/news/,301
/tag/%D0%B1%D1%84%D0%BA/,/news/,301
/tag/%D1%81%D0%B1%D0%BE%D1%80%D1%8B/,/news/,301
/tag/%D0%BF%D1%80%D0%BE%D1%87%D0%B5%D0%B5/,/news/,301
/tag/%D1%80%D0%B5%D1%84%D0%BB%D0%B5%D0%BA%D1%81%D0%B8%D1%8F/,/news/,301
/tag/3112/,/news/,301
/tag/%D0%B0%D0%BD%D0%B3%D0%B0%D1%80%D1%81%D0%BA/,/news/,301
/tag/%D1%82/,/news/,301
/tag/%D0%BA%D0%B5%D0%BD%D0%B4%D0%BE-%D0%BB%D0%B0%D0%B3%D0%B5%D1%80%D1%8C/,/news/,301
/tag/%D1%80%D1%84%D0%BA/,/news/,301
/tag/%D1%8F%D0%BF%D0%BE%D0%BD%D0%B8%D1%8F/,/news/,301
/tag/%D1%82%D1%83%D1%80%D0%BD%D0%B8%D1%80/,/news/,301
/tag/%D1%84%D0%B5%D1%81%D1%82%D0%B8%D0%B2%D0%B0%D0%BB%D1%8C/,/news/,301
/feed/,/rss.xml,301
/?feed=rss2,/rss.xml,301
